id;data_inversa;dia_semana;horario;uf;br;km;municipio;causa_acidente;tipo_acidente;classificacao_acidente;fase_dia;sentido_via;condicao_metereologica;tipo_pista;tracado_via;uso_solo;pessoas;mortos;feridos_leves;feridos_graves;ilesos;ignorados;feridos;veiculos;latitude;longitude;regional;delegacia;uop
742760;31/12/2025;quarta-feira;10:30:00;DF;20;10;BRASILIA;Reação tardia ou ineficiente do condutor;Tombamento;Com Vítimas Feridas;Pleno dia;Decrescente;Céu Claro;Dupla;Declive;Sim;2;0;0;1;0;1;1;2;-15,9711232;-47,9789056;SPRF-DF;DEL02-DF;UOP01-DEL02-DF
742761;31/12/2025;quarta-feira;10:20:00;PB;104;116,8;LAGOA SECA;Ausência de reação do condutor;Queda de ocupante de veículo;Com Vítimas Feridas;Pleno dia;Crescente;Céu Claro;Simples;"Reta;Declive";Sim;2;0;1;0;0;1;1;2;-7,181258;-35,865115;SPRF-PB;DEL02-PB;UOP04-DEL02-PB
742762;31/12/2025;quarta-feira;11:00:00;BA;324;592;CANDEIAS;Ausência de reação do condutor;Queda de ocupante de veículo;Com Vítimas Feridas;Pleno dia;Decrescente;Céu Claro;Múltipla;Reta;Não;1;0;1;0;0;0;1;1;-12,66417703;-38,47054111;SPRF-BA;DEL01-BA;UOP01-DEL01-BA
742765;31/12/2025;quarta-feira;05:50:00;MG;251;201,5;AGUAS VERMELHAS;Ausência de reação do condutor;Saída de leito carroçável;Com Vítimas Feridas;Amanhecer;Decrescente;Nublado;Simples;Reta;Não;2;0;1;1;0;0;2;1;-15,870808;-41,473634;SPRF-MG;DEL12-MG;UOP02-DEL12-MG
742767;31/12/2025;quarta-feira;11:25:00;ES;0;0;SERRA;Reação tardia ou ineficiente do condutor;Colisão com objeto;Com Vítimas Feridas;Pleno dia;Não Informado;Céu Claro;Dupla;Reta;Sim;3;0;1;0;2;0;1;2;-20,19367;-40,266663;SPRF-ES;DEL02-ES;UOP01-DEL02-ES
742768;31/12/2025;quarta-feira;07:40:00;MA;135;13;SAO LUIS;Manobra de mudança de faixa;Colisão lateral mesmo sentido;Com Vítimas Feridas;Pleno dia;Decrescente;Céu Claro;Dupla;Declive;Sim;2;0;1;0;0;1;1;2;-2,68682;-44,29879;SPRF-MA;DEL01-MA;UOP01-DEL01-MA
742769;31/12/2025;quarta-feira;11:30:00;PE;232;51;VITORIA DE SANTO ANTAO;Trafegar com motocicleta (ou similar) entre as faixas;Colisão lateral mesmo sentido;Com Vítimas Feridas;Pleno dia;Crescente;Céu Claro;Dupla;Reta;Não;4;0;1;0;3;0;1;3;-8,137602;-35,333387;SPRF-PE;DEL02-PE;UOP02-DEL02PE
742770;31/12/2025;quarta-feira;11:30:00;GO;452;3,4;RIO VERDE;Acessar a via sem observar a presença dos outros veículos;Colisão traseira;Com Vítimas Feridas;Pleno dia;Decrescente;Nublado;Múltipla;"Curva;Retorno Regulamentado;Declive";Sim;4;0;1;0;3;0;1;2;-17,802723;-50,873578;SPRF-GO;DEL04-GO;UOP01-DEL04-GO
742771;31/12/2025;quarta-feira;08:45:00;RS;101;60;MAQUINE;Velocidade Incompatível;Saída de leito carroçável;Com Vítimas Feridas;Pleno dia;Crescente;Céu Claro;Dupla;Curva;Não;1;0;1;0;0;0;1;1;-29,67568789;-50,1416537;SPRF-RS;DEL03-RS;UOP02-DEL03-RS
742773;31/12/2025;quarta-feira;10:40:00;MT;364;204;RONDONOPOLIS;Transitar na contramão;Colisão frontal;Com Vítimas Feridas;Pleno dia;Decrescente;Sol;Simples;Curva;Sim;2;0;1;0;1;0;1;2;-16,47117906;-54,65566847;SPRF-MT;DEL02-MT;UOP01-DEL02-MT
742774;31/12/2025;quarta-feira;11:40:00;SP;381;35;ATIBAIA;Demais falhas mecânicas ou elétricas;Capotamento;Com Vítimas Feridas;Pleno dia;Crescente;Céu Claro;Dupla;Reta;Sim;4;0;3;0;1;0;3;1;-23,08210583;-46,56994772;SPRF-SP;DEL03-SP;UOP02-DEL03-SP
742776;31/12/2025;quarta-feira;11:23:00;SP;116;469;JACUPIRANGA;Ausência de reação do condutor;Tombamento;Com Vítimas Feridas;Pleno dia;Crescente;Céu Claro;Dupla;Reta;Não;2;0;0;2;0;0;2;1;-24,66346178;-47,97278345;SPRF-SP;DEL05-SP;UOP01-DEL05-SP
742777;31/12/2025;quarta-feira;12:51:00;PE;101;65,6;RECIFE;Reação tardia ou ineficiente do condutor;Colisão traseira;Com Vítimas Feridas;Pleno dia;Crescente;Sol;Múltipla;Reta;Sim;2;0;0;1;1;0;1;2;-8,02993068;-34,94304657;SPRF-PE;DEL01-PE;UOP01-DEL01-PE
742778;31/12/2025;quarta-feira;12:10:00;RJ;40;51;PETROPOLIS;Acessar a via sem observar a presença dos outros veículos;Colisão frontal;Com Vítimas Feridas;Pleno dia;Decrescente;Céu Claro;Simples;Viaduto;Não;3;0;1;0;2;0;1;2;-22,33336657;-43,13353655;SPRF-RJ;DEL05-RJ;UOP02-DEL05-RJ
742779;31/12/2025;quarta-feira;13:40:00;ES;101;144;LINHARES;Ausência de reação do condutor;Tombamento;Sem Vítimas;Pleno dia;Crescente;Céu Claro;Simples;Reta;Sim;1;0;0;0;0;1;0;1;-19,35685855;-40,0640367;SPRF-ES;DEL04-ES;UOP01-DEL04-ES
742780;31/12/2025;quarta-feira;11:30:00;MG;116;702;MURIAE;Acesso irregular;Colisão traseira;Com Vítimas Feridas;Pleno dia;Decrescente;Céu Claro;Simples;Curva;Sim;2;0;1;0;1;0;1;2;-21,1464635;-42,3813569;SPRF-MG;DEL07-MG;UOP02-DEL07-MG
742781;31/12/2025;quarta-feira;11:40:00;RS;470;185;VERANOPOLIS;Avarias e/ou desgaste excessivo no pneu;Queda de ocupante de veículo;Com Vítimas Feridas;Pleno dia;Decrescente;Céu Claro;Simples;"Aclive;Curva";Não;1;0;1;0;0;0;1;1;-29,0062774;-51,55023186;SPRF-RS;DEL06-RS;UOP02-DEL06-RS
742782;31/12/2025;quarta-feira;13:30:00;MG;40;645,6;CRISTIANO OTONI;Mal súbito do condutor;Tombamento;Com Vítimas Feridas;Pleno dia;Decrescente;Céu Claro;Simples;Reta;Não;2;0;1;0;1;0;1;1;-20,79161;-43,810451;SPRF-MG;DEL05-MG;UOP02-DEL05-MG
742783;25/11/2025;terça-feira;06:40:00;RJ;101;481,6;ANGRA DOS REIS;Ausência de reação do condutor;Tombamento;Com Vítimas Feridas;Pleno dia;Crescente;Céu Claro;Simples;Curva;Não;3;0;0;1;2;0;1;2;-23,01394;-44,285597;SPRF-RJ;DEL03-RJ;UOP03-DEL03-RJ
742786;31/12/2025;quarta-feira;13:05:00;SC;282;343;CAMPOS NOVOS;Acessar a via sem observar a presença dos outros veículos;Colisão transversal;Com Vítimas Feridas;Pleno dia;Crescente;Nublado;Simples;"Reta;Declive";Não;4;0;2;0;2;0;2;2;-27,39008747;-51,22418404;SPRF-SC;DEL07-SC;UOP06-DEL07-SC
742787;31/12/2025;quarta-feira;14:00:00;ES;101;268;SERRA;Acessar a via sem observar a presença dos outros veículos;Colisão lateral mesmo sentido;Com Vítimas Feridas;Pleno dia;Decrescente;Céu Claro;Dupla;Reta;Sim;4;0;0;2;2;0;2;3;-20,2042113;-40,26990892;SPRF-ES;DEL02-ES;UOP01-DEL02-ES
742788;31/12/2025;quarta-feira;14:10:00;PR;116;41,7;CAMPINA GRANDE DO SUL;Velocidade Incompatível;Tombamento;Com Vítimas Feridas;Pleno dia;Decrescente;Chuva;Dupla;Curva;Não;2;0;2;0;0;0;2;1;-25,17651861;-48,87416017;SPRF-PR;DEL01-PR;UOP02-DEL01-PR
742790;31/12/2025;quarta-feira;11:30:00;PB;101;19;RIO TINTO;Suicídio (presumido);Saída de leito carroçável;Com Vítimas Fatais;Pleno dia;Decrescente;Céu Claro;Dupla;"Reta;Declive";Não;1;1;0;0;0;0;0;1;-6,66263454;-35,11434706;SPRF-PB;DEL01-PB;UOP03-DEL01-PB
742791;31/12/2025;quarta-feira;12:40:00;PR;373;446,2;CHOPINZINHO;Velocidade Incompatível;Saída de leito carroçável;Com Vítimas Feridas;Pleno dia;Decrescente;Nublado;Simples;"Curva;Aclive";Não;3;0;3;0;0;0;3;1;-25,79618192;-52,27226257;SPRF-PR;DEL02-PR;UOP01-DEL02-PR
742792;31/12/2025;quarta-feira;06:20:00;ES;101;257;SERRA;Acesso irregular;Colisão lateral mesmo sentido;Com Vítimas Feridas;Amanhecer;Crescente;Céu Claro;Dupla;Reta;Não;3;0;2;0;0;1;2;2;-20,12374993;-40,30476843;SPRF-ES;DEL02-ES;UOP01-DEL02-ES
742793;31/12/2025;quarta-feira;11:00:00;MT;70;700;CACERES;Reação tardia ou ineficiente do condutor;Saída de leito carroçável;Com Vítimas Feridas;Pleno dia;Decrescente;Nublado;Simples;Curva;Não;2;0;1;0;1;0;1;1;-16,24919;-57,515277;SPRF-MT;DEL03-MT;UOP01-DEL03-MT
742794;31/12/2025;quarta-feira;14:45:00;DF;70;13;BRASILIA;Acumulo de água sobre o pavimento;Colisão traseira;Sem Vítimas;Pleno dia;Crescente;Chuva;Dupla;Reta;Sim;3;0;0;0;2;1;0;3;-15,79721112;-48,17642033;SPRF-DF;DEL03-DF;UOP02-DEL03-DF
742796;31/12/2025;quarta-feira;15:30:00;PR;116;17;CAMPINA GRANDE DO SUL;Reação tardia ou ineficiente do condutor;Saída de leito carroçável;Com Vítimas Feridas;Pleno dia;Decrescente;Chuva;Dupla;Reta;Não;2;0;2;0;0;0;2;1;-25,1115304;-48,81009936;SPRF-PR;DEL01-PR;UOP02-DEL01-PR
742798;31/12/2025;quarta-feira;11:50:00;GO;364;100;CACHOEIRA ALTA;Demais falhas mecânicas ou elétricas;Incêndio;Sem Vítimas;Pleno dia;Decrescente;Céu Claro;Simples;"Aclive;Reta";Não;3;0;0;0;3;0;0;1;-18,41595167;-51,09539833;SPRF-GO;DEL05-GO;UOP02-DEL05-GO
742799;31/12/2025;quarta-feira;14:00:00;PR;369;152,7;LONDRINA;Velocidade Incompatível;Colisão traseira;Com Vítimas Feridas;Pleno dia;Crescente;Céu Claro;Dupla;Reta;Sim;6;0;3;0;3;0;3;4;-23,29329316;-51,18693922;SPRF-PR;DEL07-PR;UOP01-DEL07-PR
742800;31/12/2025;quarta-feira;15:29:00;RS;116;454,6;SAO LOURENCO DO SUL;Ausência de reação do condutor;Tombamento;Com Vítimas Feridas;Pleno dia;Crescente;Céu Claro;Dupla;Reta;Não;1;0;1;0;0;0;1;1;-31,260593;-52,001099;SPRF-RS;DEL02-RS;UOP02-DEL02-RS
742803;31/12/2025;quarta-feira;16:00:00;RJ;101;314;SAO GONCALO;Condutor deixou de manter distância do veículo da frente;Colisão traseira;Com Vítimas Feridas;Pleno dia;Decrescente;Céu Claro;Dupla;Reta;Sim;2;0;0;1;1;0;1;2;-22,81534377;-43,07597486;SPRF-RJ;DEL02-RJ;UOP02-DEL02-RJ
742804;31/12/2025;quarta-feira;15:45:00;DF;70;11;BRASILIA;Pista Escorregadia;Saída de leito carroçável;Com Vítimas Fatais;Pleno dia;Decrescente;Garoa/Chuvisco;Dupla;Reta;Sim;1;1;0;0;0;0;0;1;-15,789325;-48,147852;SPRF-DF;DEL03-DF;UOP02-DEL03-DF
742807;31/12/2025;quarta-feira;16:30:00;SE;235;44;ITABAIANA;Demais falhas mecânicas ou elétricas;Queda de ocupante de veículo;Com Vítimas Feridas;Pleno dia;Crescente;Céu Claro;Simples;Reta;Não;1;0;0;1;0;0;1;1;-10,751279;-37,397224;SPRF-SE;DEL01-SE;UOP02-DEL01-SE
742808;31/12/2025;quarta-feira;12:00:00;MG;116;324;ITAMBACURI;Condutor Dormindo;Capotamento;Com Vítimas Feridas;Pleno dia;Decrescente;Céu Claro;Simples;Reta;Não;5;0;1;1;3;0;2;1;-18,1789358;-41,7083069;SPRF-MG;DEL11-MG;UOP01-DEL11-MG
742811;31/12/2025;quarta-feira;16:40:00;ES;262;36;DOMINGOS MARTINS;Ausência de reação do condutor;Colisão com objeto;Com Vítimas Feridas;Pleno dia;Crescente;Céu Claro;Simples;"Curva;Declive";Não;2;0;0;2;0;0;2;1;-20,382492;-40,603608;SPRF-ES;DEL01-ES;UOP01-DEL01-ES
742812;31/12/2025;quarta-feira;14:10:00;RJ;116;148;DUQUE DE CAXIAS;Reação tardia ou ineficiente do condutor;Colisão com objeto;Com Vítimas Feridas;Pleno dia;Decrescente;Céu Claro;Múltipla;Reta;Não;2;0;1;0;1;0;1;1;-22,67201604;-43,28583241;SPRF-RJ;DEL01-RJ;UOP02-DEL01-RJ
742815;31/12/2025;quarta-feira;17:20:00;RN;101;104;PARNAMIRIM;Ausência de reação do condutor;Colisão traseira;Com Vítimas Feridas;Anoitecer;Decrescente;Céu Claro;Múltipla;Reta;Sim;2;0;1;0;1;0;1;2;-5,90205106;-35,25885522;SPRF-RN;DEL01-RN;UOP01-DEL01-RN
742816;31/12/2025;quarta-feira;17:00:00;SP;381;90;GUARULHOS;Condutor deixou de manter distância do veículo da frente;Colisão lateral mesmo sentido;Com Vítimas Feridas;Pleno dia;Crescente;Céu Claro;Múltipla;Curva;Sim;2;0;1;0;1;0;1;2;-23,49708232;-46,55982826;SPRF-SP;DEL03-SP;UOP01-DEL03-SP
742817;31/12/2025;quarta-feira;16:48:00;MG;116;526,3;CARATINGA;Acessar a via sem observar a presença dos outros veículos;Colisão transversal;Com Vítimas Feridas;Pleno dia;Decrescente;Nublado;Simples;"Interseção de Vias;Reta";Sim;3;0;0;1;2;0;1;2;-19,78137333;-42,13270783;SPRF-MG;DEL06-MG;UOP02-DEL06-MG
742819;31/12/2025;quarta-feira;17:30:00;SP;381;88;GUARULHOS;Ausência de reação do condutor;Colisão traseira;Sem Vítimas;Pleno dia;Decrescente;Nublado;Dupla;Reta;Sim;3;0;0;0;2;1;0;2;-23,48649045;-46,55849218;SPRF-SP;DEL03-SP;UOP01-DEL03-SP
742820;31/12/2025;quarta-feira;16:45:00;PR;376;645,5;TIJUCAS DO SUL;Avarias e/ou desgaste excessivo no pneu;Saída de leito carroçável;Sem Vítimas;Pleno dia;Crescente;Nublado;Dupla;Reta;Não;1;0;0;0;1;0;0;1;-25,829749;-49,116659;SPRF-PR;DEL01-PR;UOP04-DEL01-PR
742821;31/12/2025;quarta-feira;16:50:00;MA;135;6,6;SAO LUIS;Falta de elemento de contenção que evite a saída do leito carroçável;Saída de leito carroçável;Com Vítimas Feridas;Pleno dia;Decrescente;Céu Claro;Dupla;Reta;Sim;5;0;3;0;2;0;3;1;-2,633668;-44,266687;SPRF-MA;DEL01-MA;UOP01-DEL01-MA
742822;31/12/2025;quarta-feira;18:20:00;SP;116;129;CACAPAVA;Avarias e/ou desgaste excessivo no pneu;Tombamento;Com Vítimas Feridas;Anoitecer;Decrescente;Céu Claro;Dupla;Reta;Não;2;0;1;0;1;0;1;1;-23,11822756;-45,71840104;SPRF-SP;DEL02-SP;UOP02-DEL02-SP
742826;31/12/2025;quarta-feira;15:10:00;RJ;101;455;MANGARATIBA;Retorno proibido;Colisão transversal;Sem Vítimas;Pleno dia;Crescente;Sol;Simples;Curva;Não;2;0;0;0;2;0;0;2;-23,0309;-44,1597;SPRF-RJ;DEL03-RJ;UOP02-DEL03-RJ
742827;31/12/2025;quarta-feira;17:25:00;RO;364;178,2;PIMENTA BUENO;Avarias e/ou desgaste excessivo no pneu;Tombamento;Com Vítimas Feridas;Pleno dia;Crescente;Céu Claro;Simples;Reta;Não;2;0;2;0;0;0;2;1;-11,790178;-61,063813;SPRF-RO;DEL02-RO;UOP02-DEL02-RO
742828;31/12/2025;quarta-feira;13:30:00;PB;230;253;JUAZEIRINHO;Ausência de reação do condutor;Saída de leito carroçável;Sem Vítimas;Pleno dia;Crescente;Céu Claro;Simples;Reta;Não;1;0;0;0;0;1;0;1;-7,040498;-36,661038;SPRF-PB;DEL03-PB;UOP01-DEL03-PB
742829;31/12/2025;quarta-feira;18:45:00;RS;285;418,9;PANAMBI;Chuva;Saída de leito carroçável;Com Vítimas Feridas;Anoitecer;Decrescente;Chuva;Simples;Reta;Não;3;0;2;0;1;0;2;1;-28,34226611;-53,54542907;SPRF-RS;DEL10-RS;UOP01-DEL10-RS
742830;31/12/2025;quarta-feira;16:30:00;MG;381;497,1;BETIM;Ultrapassagem Indevida;Colisão com objeto;Com Vítimas Feridas;Pleno dia;Decrescente;Céu Claro;Dupla;"Aclive;Reta";Sim;3;0;0;1;1;1;1;2;-19,97977622;-44,20027649;SPRF-MG;DEL01-MG;UOP03-DEL01-MG
742831;31/12/2025;quarta-feira;12:00:00;PR;153;68;CONSELHEIRO MAIRINCK;Ausência de reação do condutor;Saída de leito carroçável;Sem Vítimas;Pleno dia;Crescente;Céu Claro;Simples;Reta;Não;1;0;0;0;1;0;0;1;-23,52297702;-50,13194025;SPRF-PR;DEL07-PR;UOP04-DEL07-PR
742833;31/12/2025;quarta-feira;18:24:00;RN;101;96;NATAL;Pedestre cruzava a pista fora da faixa;Atropelamento de Pedestre;Com Vítimas Feridas;Plena Noite;Crescente;Céu Claro;Dupla;Reta;Sim;3;0;0;1;1;1;1;2;-5,856467;-35,212467;SPRF-RN;DEL01-RN;UOP01-DEL01-RN
742834;31/12/2025;quarta-feira;17:30:00;SC;470;55,2;BLUMENAU;Transitar na contramão;Colisão frontal;Com Vítimas Feridas;Pleno dia;Decrescente;Nublado;Simples;"Declive;Reta";Sim;2;0;0;2;0;0;2;2;-26,8763755;-49,1209349;SPRF-SC;DEL04-SC;UOP01-DEL04-SC
742835;31/12/2025;quarta-feira;18:40:00;RN;101;84,5;NATAL;Reação tardia ou ineficiente do condutor;Colisão com objeto;Com Vítimas Fatais;Plena Noite;Decrescente;Céu Claro;Simples;Túnel;Sim;1;1;0;0;0;0;0;1;-5,77596357;-35,25313139;SPRF-RN;DEL02-RN;UOP01-DEL02-RN
742836;31/12/2025;quarta-feira;19:12:00;PE;116;23;SALGUEIRO;Animais na Pista;Atropelamento de Animal;Com Vítimas Feridas;Plena Noite;Crescente;Céu Claro;Simples;Curva;Não;1;0;0;1;0;0;1;1;-8,046616;-39,1384016;SPRF-PE;DEL05-PE;UOP01-DEL05-PE
742837;31/12/2025;quarta-feira;18:00:00;SC;101;103,8;BALNEARIO PICARRAS;Acumulo de água sobre o pavimento;Saída de leito carroçável;Com Vítimas Feridas;Plena Noite;Decrescente;Chuva;Múltipla;"Declive;Reta";Não;1;0;1;0;0;0;1;1;-26,79108;-48,680969;SPRF-SC;DEL03-SC;UOP02-DEL03-SC
742838;31/12/2025;quarta-feira;19:00:00;SC;101;87,9;BARRA VELHA;Velocidade Incompatível;Colisão com objeto;Sem Vítimas;Anoitecer;Decrescente;Chuva;Múltipla;"Declive;Curva";Sim;1;0;0;0;1;0;0;1;-26,64779148;-48,6867377;SPRF-SC;DEL03-SC;UOP02-DEL03-SC
742839;31/12/2025;quarta-feira;19:30:00;GO;414;440;ANAPOLIS;Ingestão de álcool pelo condutor;Colisão lateral sentido oposto;Com Vítimas Feridas;Plena Noite;Crescente;Céu Claro;Simples;"Reta;Declive";Sim;2;0;0;1;1;0;1;2;-16,28106072;-48,9424578;SPRF-GO;DEL02-GO;UOP01-DEL02-GO
742842;31/12/2025;quarta-feira;19:50:00;PR;376;203,5;MANDAGUARI;Acumulo de água sobre o pavimento;Capotamento;Com Vítimas Feridas;Plena Noite;Crescente;Chuva;Dupla;"Reta;Declive";Não;2;0;1;0;1;0;1;1;-23,52036629;-51,71845531;SPRF-PR;DEL09-PR;UOP01-DEL09-PR
742843;31/12/2025;quarta-feira;16:00:00;MG;365;54;CLARO DOS POCOES;Chuva;Tombamento;Com Vítimas Feridas;Pleno dia;Crescente;Chuva;Simples;"Declive;Curva";Não;2;0;1;0;1;0;1;1;-16,957812;-44,249823;SPRF-MG;DEL12-MG;UOP01-DEL12-MG
742844;31/12/2025;quarta-feira;09:55:00;PR;277;416,5;CANDOI;Velocidade Incompatível;Saída de leito carroçável;Com Vítimas Feridas;Pleno dia;Decrescente;Céu Claro;Simples;Curva;Não;3;0;2;0;1;0;2;1;-25,4171389;-52,0580472;SPRF-PR;DEL04-PR;UOP02-DEL04-PR
742845;31/12/2025;quarta-feira;20:00:00;SP;488;0;APARECIDA;Ausência de reação do condutor;Colisão traseira;Com Vítimas Feridas;Plena Noite;Crescente;Céu Claro;Dupla;"Retorno Regulamentado;Reta";Sim;2;0;1;0;1;0;1;2;-22,85505923;-45,23277283;SPRF-SP;DEL08-SP;UOP01-DEL08-SP
742846;31/12/2025;quarta-feira;19:30:00;PR;369;187;ARAPONGAS;Reação tardia ou ineficiente do condutor;Colisão transversal;Com Vítimas Feridas;Plena Noite;Crescente;Chuva;Simples;Reta;Sim;2;0;2;0;0;0;2;2;-23,41249597;-51,42725035;SPRF-PR;DEL07-PR;UOP03-DEL07-PR
742847;31/12/2025;quarta-feira;17:50:00;AP;156;785;OIAPOQUE;Demais falhas na via;Colisão frontal;Sem Vítimas;Pleno dia;Crescente;Sol;Simples;"Reta;Declive";Não;4;0;0;0;4;0;0;1;3,73086329;-51,77419136;SPRF-AP;DEL01-AP;UOP03-DEL01-AP
742848;31/12/2025;quarta-feira;20:45:00;PR;376;650;TIJUCAS DO SUL;Reação tardia ou ineficiente do condutor;Capotamento;Com Vítimas Feridas;Plena Noite;Crescente;Chuva;Dupla;"Curva;Declive";Não;3;0;2;0;1;0;2;1;-25,84526;-49,079892;SPRF-PR;DEL01-PR;UOP04-DEL01-PR
742849;31/12/2025;quarta-feira;20:15:00;RJ;101;288;ITABORAI;Ausência de reação do condutor;Saída de leito carroçável;Sem Vítimas;Plena Noite;Decrescente;Céu Claro;Dupla;Reta;Sim;1;0;0;0;1;0;0;1;-22,76278134;-42,84911362;SPRF-RJ;DEL02-RJ;UOP02-DEL02-RJ
742850;31/12/2025;quarta-feira;18:30:00;ES;101;306,8;VIANA;Acessar a via sem observar a presença dos outros veículos;Colisão traseira;Com Vítimas Feridas;Plena Noite;Crescente;Céu Claro;Dupla;Reta;Não;2;0;1;0;0;1;1;2;-20,39886917;-40,45636296;SPRF-ES;DEL01-ES;UOP01-DEL01-ES
742851;31/12/2025;quarta-feira;16:48:00;MT;174;250;JAURU;Reação tardia ou ineficiente do condutor;Tombamento;Com Vítimas Feridas;Pleno dia;Decrescente;Nublado;Simples;Curva;Não;2;0;1;1;0;0;2;1;-15,518955;-59,016013;SPRF-MT;DEL04-MT;UOP01-DEL04-MT
742853;31/12/2025;quarta-feira;11:00:00;PE;423;182;ITAIBA;Reação tardia ou ineficiente do condutor;Tombamento;Com Vítimas Feridas;Pleno dia;Crescente;Céu Claro;Simples;"Reta;Aclive";Não;1;0;0;1;0;0;1;1;-9,133955;-37,165875;SPRF-AL;DEL03-AL;UOP02-DEL03-AL
742854;31/12/2025;quarta-feira;10:30:00;MG;381;375;SAO GONCALO DO RIO ABAIXO;Acessar a via sem observar a presença dos outros veículos;Colisão lateral sentido oposto;Com Vítimas Feridas;Pleno dia;Crescente;Céu Claro;Simples;Curva;Sim;2;0;1;0;0;1;1;2;-19,83841412;-43,33900452;SPRF-MG;DEL01-MG;UOP01-DEL01-MG
742855;29/12/2025;segunda-feira;19:05:00;MA;222;674;ACAILANDIA;Condutor deixou de manter distância do veículo da frente;Colisão traseira;Com Vítimas Feridas;Plena Noite;Decrescente;Nublado;Simples;Reta;Sim;3;0;2;0;1;0;2;2;-4,954792;-47,489866;SPRF-MA;DEL04-MA;UOP03-DEL04-MA
742856;31/12/2025;quarta-feira;20:25:00;AL;316;130,9;MINADOR DO NEGRAO;Ausência de reação do condutor;Colisão traseira;Com Vítimas Feridas;Plena Noite;Decrescente;Céu Claro;Simples;"Reta;Aclive";Não;2;0;1;0;1;0;1;2;-9,39142275;-36,84402287;SPRF-AL;DEL03-AL;UOP01-DEL03-AL
742857;31/12/2025;quarta-feira;20:00:00;RS;101;62;MAQUINE;Entrada inopinada do pedestre;Atropelamento de Pedestre;Com Vítimas Feridas;Plena Noite;Decrescente;Céu Claro;Dupla;Reta;Não;5;0;0;1;4;0;1;2;-29,6955976;-50,1661616;SPRF-RS;DEL03-RS;UOP02-DEL03-RS
742858;31/12/2025;quarta-feira;18:30:00;MA;10;250;IMPERATRIZ;Manobra de mudança de faixa;Colisão lateral mesmo sentido;Com Vítimas Feridas;Anoitecer;Decrescente;Céu Claro;Múltipla;Reta;Sim;3;0;2;0;1;0;2;2;-5,55791;-47,45496;SPRF-MA;DEL04-MA;UOP01-DEL04-MA
742859;31/12/2025;quarta-feira;21:15:00;RS;116;240;NOVO HAMBURGO;Entrada inopinada do pedestre;Atropelamento de Pedestre;Com Vítimas Feridas;Plena Noite;Crescente;Céu Claro;Múltipla;Reta;Não;2;0;1;0;1;0;1;2;-29,7081656;-51,1467028;SPRF-RS;DEL01-RS;UOP02-DEL01-RS
742860;31/12/2025;quarta-feira;20:45:00;SC;101;25;JOINVILLE;Ingestão de álcool pelo condutor;Colisão com objeto;Sem Vítimas;Plena Noite;Crescente;Garoa/Chuvisco;Dupla;Reta;Não;1;0;0;0;1;0;0;1;-26,18717485;-48,91181946;SPRF-SC;DEL03-SC;UOP01-DEL03-SC
742861;31/12/2025;quarta-feira;19:10:00;MG;116;446,2;ENGENHEIRO CALDAS;Reação tardia ou ineficiente do condutor;Saída de leito carroçável;Com Vítimas Feridas;Plena Noite;Decrescente;Céu Claro;Simples;Reta;Não;1;0;1;0;0;0;1;1;-19,122375;-42,010122;SPRF-MG;DEL06-MG;UOP02-DEL06-MG
742862;31/12/2025;quarta-feira;20:45:00;MG;262;38;MANHUACU;Conversão proibida;Colisão transversal;Com Vítimas Feridas;Plena Noite;Decrescente;Céu Claro;Simples;Reta;Sim;3;0;0;1;0;2;1;3;-20,25959197;-42,03231096;SPRF-MG;DEL06-MG;UOP03-DEL06-MG
742863;31/12/2025;quarta-feira;20:39:00;CE;222;328,7;TIANGUA;Acessar a via sem observar a presença dos outros veículos;Colisão transversal;Com Vítimas Feridas;Plena Noite;Decrescente;Céu Claro;Simples;Reta;Não;6;0;0;2;4;0;2;2;-3,82364584;-41,1046478;SPRF-CE;DEL04-CE;UOP02-DEL04-CE
742865;31/12/2025;quarta-feira;20:40:00;SC;101;30;JOINVILLE;Reação tardia ou ineficiente do condutor;Tombamento;Com Vítimas Feridas;Plena Noite;Crescente;Nublado;Múltipla;Reta;Sim;1;0;1;0;0;0;1;1;-26,22680733;-48,91618475;SPRF-SC;DEL03-SC;UOP01-DEL03-SC
742866;31/12/2025;quarta-feira;21:10:00;PR;277;46;MORRETES;Ausência de reação do condutor;Colisão traseira;Sem Vítimas;Plena Noite;Crescente;Nublado;Dupla;Reta;Não;1;0;0;0;1;0;0;1;-25,593416;-48,908625;SPRF-PR;DEL01-PR;UOP05-DEL01-PR
742868;31/12/2025;quarta-feira;20:04:00;RS;386;412,5;MONTENEGRO;Acessar a via sem observar a presença dos outros veículos;Colisão traseira;Com Vítimas Feridas;Plena Noite;Decrescente;Céu Claro;Dupla;Reta;Sim;3;0;1;0;1;1;1;2;-29,81065437;-51,4966857;SPRF-RS;DEL04-RS;UOP02-DEL04-RS
742869;31/12/2025;quarta-feira;18:14:00;PR;116;3;CAMPINA GRANDE DO SUL;Chuva;Saída de leito carroçável;Com Vítimas Feridas;Plena Noite;Decrescente;Chuva;Dupla;Curva;Não;1;0;1;0;0;0;1;1;-25,07336387;-48,5862821;SPRF-PR;DEL01-PR;UOP02-DEL01-PR
742870;31/12/2025;quarta-feira;19:00:00;BA;110;369;CATU;Reação tardia ou ineficiente do condutor;Colisão traseira;Com Vítimas Feridas;Plena Noite;Crescente;Céu Claro;Simples;"Reta;Aclive";Não;3;0;2;0;1;0;2;2;-12,36444;-38,388184;SPRF-BA;DEL01-BA;UOP04-DEL01-BA