id;data_inversa;dia_semana;horario;uf;br;km;municipio;causa_acidente;tipo_acidente;classificacao_acidente;fase_dia;sentido_via;condicao_metereologica;tipo_pista;tracado_via;uso_solo;pessoas;mortos;feridos_leves;feridos_graves;ilesos;ignorados;feridos;veiculos;latitude;longitude;regional;delegacia;uop
744955;27/10/2025;segunda-feira;18:00:00;MG;381;486,5;BETIM;Reação tardia ou ineficiente do condutor;Engavetamento;Com Vítimas Feridas;Plena Noite;Crescente;Céu Claro;Múltipla;Reta;Sim;3;0;1;0;2;0;1;3;-19,95580707;-44,1105458;SPRF-MG;DEL01-MG;UOP03-DEL01-MG
744962;24/11/2025;segunda-feira;16:30:00;RJ;101;442;MANGARATIBA;Reação tardia ou ineficiente do condutor;Capotamento;Com Vítimas Feridas;Pleno dia;Decrescente;Chuva;Simples;"Declive;Curva";Não;3;0;1;1;1;0;2;1;-22,97995195;-44,08308014;SPRF-RJ;DEL03-RJ;UOP02-DEL03-RJ
744978;28/10/2025;terça-feira;15:00:00;MA;226;547,9;PORTO FRANCO;Acumulo de areia ou detritos sobre o pavimento;Saída de leito carroçável;Com Vítimas Feridas;Pleno dia;Crescente;Céu Claro;Simples;Reta;Não;1;0;1;0;0;0;1;1;-6,263718;-47,19904;SPRF-MA;DEL04-MA;UOP02-DEL04-MA
744989;22/12/2025;segunda-feira;17:30:00;RJ;116;180;NOVA IGUACU;Reação tardia ou ineficiente do condutor;Colisão com objeto;Com Vítimas Feridas;Anoitecer;Crescente;Ignorado;Dupla;Reta;Sim;1;0;1;0;0;0;1;1;-22,74325614;-43,45779419;SPRF-RJ;DEL06-RJ;UOP01-DEL06-RJ
745088;07/09/2025;domingo;17:00:00;MG;40;508,8;RIBEIRAO DAS NEVES;Acessar a via sem observar a presença dos outros veículos;Colisão lateral mesmo sentido;Com Vítimas Feridas;Pleno dia;Crescente;Céu Claro;Dupla;"Reta;Retorno Regulamentado";Sim;3;0;0;2;0;1;2;2;-19,76557945;-44,13020754;SPRF-MG;DEL01-MG;UOP02-DEL01-MG
745144;27/12/2025;sábado;10:25:00;MG;40;513;RIBEIRAO DAS NEVES;Condutor deixou de manter distância do veículo da frente;Colisão lateral mesmo sentido;Com Vítimas Feridas;Pleno dia;Decrescente;Céu Claro;Dupla;"Reta;Declive";Não;3;0;0;1;2;0;1;3;-19,7909372;-44,1121063;SPRF-MG;DEL01-MG;UOP02-DEL01-MG
745227;07/12/2025;domingo;20:30:00;SC;101;79;ARAQUARI;Acessar a via sem observar a presença dos outros veículos;Colisão traseira;Com Vítimas Feridas;Plena Noite;Decrescente;Céu Claro;Múltipla;Retorno Regulamentado;Não;3;0;2;0;1;0;2;2;-26,59555423;-48,7227544;SPRF-SC;DEL03-SC;UOP02-DEL03-SC
745236;24/12/2025;quarta-feira;19:56:00;MA;135;5;SAO LUIS;Acessar a via sem observar a presença dos outros veículos;Colisão traseira;Com Vítimas Feridas;Plena Noite;Crescente;Céu Claro;Dupla;Reta;Sim;3;0;1;0;2;0;1;2;-2,624065;-44,249837;SPRF-MA;DEL01-MA;UOP01-DEL01-MA
745239;21/09/2025;domingo;18:00:00;MG;262;35;MANHUACU;Ultrapassagem Indevida;Colisão transversal;Com Vítimas Feridas;Anoitecer;Decrescente;Céu Claro;Simples;Reta;Sim;2;0;0;1;1;0;1;2;-20,259394;-42,031821;SPRF-MG;DEL06-MG;UOP03-DEL06-MG
745254;23/12/2025;terça-feira;21:20:00;MG;40;359,1;FELIXLANDIA;Manobra de mudança de faixa;Colisão frontal;Com Vítimas Fatais;Plena Noite;Decrescente;Céu Claro;Simples;"Declive;Reta";Não;3;2;0;1;0;0;1;2;-18,73421649;-44,86936569;SPRF-MG;DEL02-MG;UOP01-DEL02-MG
745274;21/11/2025;sexta-feira;20:00:00;SC;101;206,9;SAO JOSE;Acessar a via sem observar a presença dos outros veículos;Colisão transversal;Com Vítimas Feridas;Plena Noite;Crescente;Garoa/Chuvisco;Múltipla;Reta;Não;3;0;1;1;1;0;2;2;-27,60193107;-48,62814752;SPRF-SC;DEL01-SC;UOP01-DEL01-SC
745365;07/04/2025;segunda-feira;16:20:00;PI;343;0,9;TERESINA;Acessar a via sem observar a presença dos outros veículos;Colisão transversal;Com Vítimas Feridas;Pleno dia;Crescente;Céu Claro;Dupla;Reta;Sim;2;0;1;0;1;0;1;2;-5,080055;-42,757618;SPRF-PI;DEL01-PI;UOP01-DEL01-PI
745373;10/12/2025;quarta-feira;12:11:00;RS;448;22,1;PORTO ALEGRE;Pista Escorregadia;Colisão com objeto;Com Vítimas Feridas;Pleno dia;Decrescente;Chuva;Simples;"Curva;Aclive";Sim;1;0;1;0;0;0;1;1;-29,97455672;-51,19775802;SPRF-RS;DEL01-RS;UOP01-DEL01-RS
745374;16/03/2025;domingo;10:15:00;PI;343;0,2;TERESINA;Desrespeitar a preferência no cruzamento;Colisão transversal;Com Vítimas Feridas;Pleno dia;Crescente;Céu Claro;Dupla;"Viaduto;Interseção de Vias;Rotatória";Sim;2;0;1;0;1;0;1;2;-5,0687245;-42,7210412;SPRF-PI;DEL01-PI;UOP01-DEL01-PI
745378;19/08/2025;terça-feira;19:45:00;MG;116;412;GOVERNADOR VALADARES;Falta de acostamento;Colisão lateral sentido oposto;Com Vítimas Feridas;Plena Noite;Crescente;Céu Claro;Dupla;Reta;Não;3;0;1;2;0;0;3;2;-18,872619;-41,967856;SPRF-MG;DEL06-MG;UOP01-DEL06-MG
745385;05/12/2025;sexta-feira;06:55:00;RJ;116;184;NOVA IGUACU;Manobra de mudança de faixa;Queda de ocupante de veículo;Com Vítimas Feridas;Pleno dia;Decrescente;Sol;Dupla;Reta;Sim;3;0;2;0;1;0;2;2;-22,74689618;-43,44574273;SPRF-RJ;DEL06-RJ;UOP01-DEL06-RJ
745401;31/12/2025;quarta-feira;08:43:00;RN;101;102;PARNAMIRIM;Manobra de mudança de faixa;Colisão lateral mesmo sentido;Com Vítimas Feridas;Pleno dia;Decrescente;Céu Claro;Dupla;Reta;Não;3;0;1;0;2;0;1;2;-5,889772;-35,246082;SPRF-RN;DEL01-RN;UOP01-DEL01-RN
745403;02/12/2025;terça-feira;16:10:00;SC;282;404,7;JOACABA;Acessar a via sem observar a presença dos outros veículos;Colisão transversal;Com Vítimas Feridas;Pleno dia;Crescente;Céu Claro;Simples;Reta;Não;2;0;1;1;0;0;2;2;-27,10503931;-51,64416282;SPRF-SC;DEL07-SC;UOP05-DEL07-SC
745406;29/11/2025;sábado;13:20:00;RJ;101;489;ANGRA DOS REIS;Reação tardia ou ineficiente do condutor;Tombamento;Com Vítimas Feridas;Pleno dia;Crescente;Céu Claro;Simples;Curva;Sim;2;0;2;0;0;0;2;2;-22,9900288;-44,2400768;SPRF-RJ;DEL03-RJ;UOP03-DEL03-RJ
745425;01/12/2025;segunda-feira;15:16:00;MA;316;6,2;BOA VISTA DO GURUPI;Reação tardia ou ineficiente do condutor;Saída de leito carroçável;Com Vítimas Fatais;Pleno dia;Decrescente;Sol;Simples;Curva;Não;1;1;0;0;0;0;0;1;-1,780943;-46,27046;SPRF-MA;DEL02-MA;UOP02-DEL02-MA
745430;28/12/2025;domingo;06:30:00;RJ;101;476;ANGRA DOS REIS;Ausência de reação do condutor;Capotamento;Com Vítimas Feridas;Amanhecer;Crescente;Céu Claro;Simples;Curva;Não;2;0;0;1;1;0;1;1;-23,004233;-44,26157411;SPRF-RJ;DEL03-RJ;UOP03-DEL03-RJ
745437;31/12/2025;quarta-feira;10:28:00;MT;70;2,5;BARRA DO GARCAS;Ausência de reação do condutor;Tombamento;Com Vítimas Feridas;Pleno dia;Decrescente;Céu Claro;Simples;Reta;Não;1;0;1;0;0;0;1;1;-15,884922;-52,271973;SPRF-MT;DEL07-MT;UOP01-DEL07-MT
745454;22/05/2025;quinta-feira;13:00:00;PI;343;1,9;TERESINA;Condutor desrespeitou a iluminação vermelha do semáforo;Colisão transversal;Com Vítimas Feridas;Pleno dia;Decrescente;Céu Claro;Dupla;Reta;Sim;3;0;2;0;1;0;2;2;-5,081615;-42,767407;SPRF-PI;DEL01-PI;UOP01-DEL01-PI
745460;28/12/2025;domingo;21:30:00;RJ;101;486;ANGRA DOS REIS;Acessar a via sem observar a presença dos outros veículos;Atropelamento de Pedestre;Com Vítimas Feridas;Plena Noite;Decrescente;Céu Claro;Simples;Reta;Sim;2;0;1;1;0;0;2;2;-23,0059658;-44,3080629;SPRF-RJ;DEL03-RJ;UOP03-DEL03-RJ
745461;10/11/2025;segunda-feira;13:05:00;MG;381;705;NEPOMUCENO;Demais falhas mecânicas ou elétricas;Capotamento;Com Vítimas Feridas;Pleno dia;Crescente;Céu Claro;Dupla;Curva;Não;5;0;4;0;1;0;4;1;-21,34965018;-45,17946289;SPRF-MG;DEL04-MG;UOP02-DEL04-MG
745504;04/05/2025;domingo;20:24:00;PI;343;4;TERESINA;Ausência de reação do condutor;Colisão lateral mesmo sentido;Com Vítimas Feridas;Plena Noite;Crescente;Céu Claro;Múltipla;Reta;Sim;2;0;1;0;1;0;1;2;-5,08136899;-42,77183533;SPRF-PI;DEL01-PI;UOP01-DEL01-PI
745506;31/12/2025;quarta-feira;19:20:00;RJ;101;416;MANGARATIBA;Reação tardia ou ineficiente do condutor;Tombamento;Com Vítimas Feridas;Plena Noite;Decrescente;Céu Claro;Simples;Curva;Não;1;0;0;1;0;0;1;1;-22,9146;-43,9015;SPRF-RJ;DEL03-RJ;UOP02-DEL03-RJ
745516;17/10/2025;sexta-feira;14:40:00;ES;259;57;COLATINA;Conversão proibida;Colisão transversal;Com Vítimas Feridas;Pleno dia;Decrescente;Sol;Simples;"Interseção de Vias;Curva";Sim;2;0;1;0;0;1;1;2;-19,5114768;-40,6562701;SPRF-ES;DEL02-ES;UOP01-DEL02-ES
745522;06/10/2025;segunda-feira;19:00:00;PI;343;2;TERESINA;Ausência de reação do condutor;Colisão traseira;Com Vítimas Feridas;Plena Noite;Crescente;Céu Claro;Dupla;Reta;Sim;4;0;1;0;1;2;1;4;-5,081165;-42,773455;SPRF-PI;DEL01-PI;UOP01-DEL01-PI
745523;18/10/2025;sábado;13:32:00;PI;343;2;TERESINA;Transitar no Acostamento;Colisão lateral mesmo sentido;Com Vítimas Feridas;Pleno dia;Decrescente;Céu Claro;Dupla;Reta;Sim;2;0;0;1;1;0;1;2;-5,081787;-42,770028;SPRF-PI;DEL01-PI;UOP01-DEL01-PI
745525;20/11/2025;quinta-feira;22:40:00;RJ;101;500,8;ANGRA DOS REIS;Velocidade Incompatível;Colisão frontal;Com Vítimas Feridas;Plena Noite;Decrescente;Céu Claro;Simples;Curva;Não;11;0;8;1;2;0;9;3;-22,922122;-44,356765;SPRF-RJ;DEL03-RJ;UOP03-DEL03-RJ
745531;21/12/2025;domingo;09:30:00;PI;343;0;TERESINA;Transitar na contramão;Colisão transversal;Sem Vítimas;Pleno dia;Crescente;Nublado;Dupla;"Interseção de Vias;Viaduto;Rotatória";Sim;2;0;0;0;2;0;0;2;-5,07807749;-42,74965882;SPRF-PI;DEL01-PI;UOP01-DEL01-PI
745534;01/11/2025;sábado;13:18:00;PA;163;298;NOVO PROGRESSO;Demais falhas mecânicas ou elétricas;Queda de ocupante de veículo;Com Vítimas Feridas;Pleno dia;Crescente;Céu Claro;Simples;Reta;Não;2;0;1;0;1;0;1;1;-7,105004;-55,39771;SPRF-PA;DEL05-PA;UOP03-DEL05-PA
745538;23/04/2025;quarta-feira;16:40:00;PI;343;3;TERESINA;Acessar a via sem observar a presença dos outros veículos;Colisão transversal;Com Vítimas Feridas;Pleno dia;Crescente;Nublado;Dupla;"Interseção de Vias;Reta";Sim;2;0;1;0;1;0;1;2;-5,080883;-42,778103;SPRF-PI;DEL01-PI;UOP01-DEL01-PI
745549;28/06/2025;sábado;20:30:00;PI;343;1,8;TERESINA;Condutor desrespeitou a iluminação vermelha do semáforo;Colisão lateral mesmo sentido;Com Vítimas Feridas;Plena Noite;Decrescente;Céu Claro;Múltipla;Reta;Sim;3;0;0;1;2;0;1;2;-5,081683;-42,767567;SPRF-PI;DEL01-PI;UOP01-DEL01-PI
745551;11/03/2025;terça-feira;18:31:00;PI;343;4,5;TERESINA;Ingestão de álcool pelo condutor;Colisão traseira;Com Vítimas Feridas;Plena Noite;Crescente;Céu Claro;Dupla;Interseção de Vias;Sim;4;0;0;1;3;0;1;4;-5,08023209;-42,78949874;SPRF-PI;DEL01-PI;UOP01-DEL01-PI
745552;21/02/2025;sexta-feira;12:20:00;MA;226;285;BARRA DO CORDA;Transitar na contramão;Saída de leito carroçável;Com Vítimas Feridas;Pleno dia;Decrescente;Chuva;Simples;Curva;Não;2;0;2;0;0;0;2;1;-5,450408;-45,13533;SPRF-MA;DEL06-MA;UOP01-DEL06-MA
745554;20/12/2025;sábado;20:20:00;MA;222;598;BOM JESUS DAS SELVAS;Chuva;Saída de leito carroçável;Com Vítimas Feridas;Plena Noite;Decrescente;Chuva;Simples;Reta;Não;3;0;3;0;0;0;3;1;-4,31117;-46,576911;SPRF-MA;DEL04-MA;UOP03-DEL04-MA
745555;19/11/2025;quarta-feira;16:44:00;RJ;116;183;NOVA IGUACU;Manobra de mudança de faixa;Colisão traseira;Com Vítimas Feridas;Pleno dia;Decrescente;Céu Claro;Dupla;Reta;Não;2;0;1;0;0;1;1;2;-22,74037383;-43,49801509;SPRF-RJ;DEL06-RJ;UOP01-DEL06-RJ
745557;28/11/2025;sexta-feira;23:00:00;MG;40;517,8;RIBEIRAO DAS NEVES;Acessar a via sem observar a presença dos outros veículos;Colisão transversal;Com Vítimas Feridas;Plena Noite;Crescente;Céu Claro;Dupla;Retorno Regulamentado;Sim;3;0;1;0;2;0;1;2;-19,83163207;-44,0826416;SPRF-MG;DEL01-MG;UOP02-DEL01-MG
745558;29/12/2025;segunda-feira;08:00:00;MG;381;481;CONTAGEM;Acessar a via sem observar a presença dos outros veículos;Colisão transversal;Com Vítimas Feridas;Amanhecer;Decrescente;Céu Claro;Dupla;Reta;Sim;2;0;0;1;0;1;1;2;-19,95933917;-44,05444471;SPRF-MG;DEL01-MG;UOP03-DEL01-MG
745565;27/11/2025;quinta-feira;18:43:00;RJ;101;383;RIO DE JANEIRO;Manobra de mudança de faixa;Colisão lateral mesmo sentido;Com Vítimas Feridas;Plena Noite;Crescente;Nublado;Dupla;Reta;Sim;3;0;2;0;1;0;2;2;-22,879677;-43,626307;SPRF-RJ;DEL03-RJ;UOP01-DEL03-RJ
745566;19/12/2025;sexta-feira;07:10:00;MT;364;308;JACIARA;Reação tardia ou ineficiente do condutor;Saída de leito carroçável;Com Vítimas Feridas;Pleno dia;Crescente;Céu Claro;Dupla;Reta;Não;3;0;2;0;1;0;2;1;-15,81721588;-55,22557293;SPRF-MT;DEL05-MT;UOP02-DEL05-MT
745689;30/12/2025;terça-feira;11:15:00;PE;101;86;JABOATAO DOS GUARARAPES;Reação tardia ou ineficiente do condutor;Engavetamento;Sem Vítimas;Pleno dia;Decrescente;Céu Claro;Dupla;Reta;Não;4;0;0;0;4;0;0;4;-8,184915;-34,968653;SPRF-PE;DEL01-PE;UOP01-DEL01-PE
745701;24/11/2025;segunda-feira;01:30:00;PI;343;1;TERESINA;Condutor Dormindo;Colisão com objeto;Sem Vítimas;Plena Noite;Crescente;Céu Claro;Múltipla;Reta;Sim;1;0;0;0;0;1;0;1;-5,0633183;-42,7223833;SPRF-PI;DEL01-PI;UOP01-DEL01-PI
745705;08/03/2025;sábado;13:25:00;PI;343;2,7;TERESINA;Acessar a via sem observar a presença dos outros veículos;Colisão transversal;Com Vítimas Feridas;Pleno dia;Decrescente;Céu Claro;Múltipla;"Rotatória;Reta";Sim;2;0;0;1;1;0;1;2;-5,08145412;-42,77526526;SPRF-PI;DEL05-PI;UOP01-DEL05-PI
745714;14/09/2025;domingo;07:30:00;PI;343;3,4;TERESINA;Condutor desrespeitou a iluminação vermelha do semáforo;Colisão transversal;Com Vítimas Feridas;Pleno dia;Crescente;Céu Claro;Dupla;Reta;Não;3;0;0;2;1;0;2;2;-5,08088224;-42,78020952;SPRF-PI;DEL01-PI;UOP01-DEL01-PI
745715;22/12/2025;segunda-feira;07:58:00;PB;230;22,7;JOAO PESSOA;Manobra de mudança de faixa;Colisão traseira;Com Vítimas Feridas;Pleno dia;Crescente;Céu Claro;Dupla;Reta;Sim;5;0;0;1;4;0;1;3;-7,15664;-34,85745;SPRF-PB;DEL01-PB;UOP01-DEL01-PB
745768;08/12/2025;segunda-feira;12:30:00;PI;343;326,4;TERESINA;Ingestão de álcool pelo condutor;Colisão lateral sentido oposto;Com Vítimas Feridas;Pleno dia;Decrescente;Céu Claro;Simples;Reta;Não;3;0;1;2;0;0;3;2;-5,070503;-42,62022;SPRF-PI;DEL01-PI;UOP01-DEL01-PI
745784;26/12/2025;sexta-feira;13:10:00;MG;267;59;GUARARA;Ultrapassagem Indevida;Colisão transversal;Com Vítimas Feridas;Pleno dia;Decrescente;Céu Claro;Simples;Reta;Não;5;0;1;0;4;0;1;2;-21,71875954;-43,02876949;SPRF-MG;DEL07-MG;UOP01-DEL07-MG
745812;24/11/2025;segunda-feira;17:00:00;RJ;101;475;ANGRA DOS REIS;Avarias e/ou desgaste excessivo no pneu;Saída de leito carroçável;Com Vítimas Feridas;Pleno dia;Crescente;Chuva;Simples;Curva;Não;2;0;0;1;1;0;1;1;-23,004639;-44,259339;SPRF-RJ;DEL03-RJ;UOP03-DEL03-RJ
745892;15/01/2025;quarta-feira;23:17:00;PI;316;297;PICOS;Ingestão de álcool pelo condutor;Saída de leito carroçável;Com Vítimas Feridas;Plena Noite;Crescente;Céu Claro;Dupla;"Aclive;Curva";Não;1;0;1;0;0;0;1;1;-7,024585;-41,560837;SPRF-PI;DEL04-PI;UOP01-DEL04-PI
745911;09/11/2025;domingo;08:15:00;RJ;101;419;MANGARATIBA;Ultrapassagem Indevida;Colisão frontal;Com Vítimas Feridas;Pleno dia;Decrescente;Garoa/Chuvisco;Simples;Túnel;Não;2;0;0;1;1;0;1;2;-22,91982026;-43,91887665;SPRF-RJ;DEL03-RJ;UOP02-DEL03-RJ
745966;21/11/2025;sexta-feira;17:06:00;RJ;101;475,4;ANGRA DOS REIS;Falta de elemento de contenção que evite a saída do leito carroçável;Tombamento;Com Vítimas Feridas;Pleno dia;Crescente;Céu Claro;Simples;Curva;Sim;1;0;0;1;0;0;1;1;-23,00492;-44,25952;SPRF-RJ;DEL03-RJ;UOP03-DEL03-RJ
745976;29/08/2025;sexta-feira;17:45:00;MG;40;510;RIBEIRAO DAS NEVES;Trafegar com motocicleta (ou similar) entre as faixas;Colisão lateral mesmo sentido;Com Vítimas Feridas;Anoitecer;Crescente;Chuva;Dupla;"Reta;Aclive";Não;4;0;1;0;3;0;1;3;-19,77639606;-44,12246704;SPRF-MG;DEL01-MG;UOP02-DEL01-MG
745983;06/12/2025;sábado;19:20:00;PR;373;411,8;CANDOI;Afundamento ou ondulação no pavimento;Queda de ocupante de veículo;Com Vítimas Feridas;Anoitecer;Decrescente;Céu Claro;Simples;"Reta;Aclive";Não;1;0;0;1;0;0;1;1;-25,647595;-52,107689;SPRF-PR;DEL08-PR;UOP01-DEL08-PR
745992;18/12/2025;quinta-feira;06:35:00;RN;226;195,2;SAO VICENTE;Transitar na contramão;Colisão frontal;Com Vítimas Feridas;Pleno dia;Decrescente;Céu Claro;Simples;Reta;Não;2;0;1;1;0;0;2;2;-6,23987917;-36,66069031;SPRF-RN;DEL03-RN;UOP02-DEL03-RN
746082;13/12/2025;sábado;21:15:00;BA;418;89;NOVA VICOSA;Acessar a via sem observar a presença dos outros veículos;Colisão transversal;Com Vítimas Feridas;Plena Noite;Decrescente;Céu Claro;Simples;Reta;Sim;2;0;0;1;1;0;1;2;-17,886135;-39,835;SPRF-BA;DEL09-BA;UOP02-DEL09-BA
746091;23/12/2025;terça-feira;19:30:00;RJ;101;559;PARATY;Reação tardia ou ineficiente do condutor;Colisão traseira;Com Vítimas Feridas;Plena Noite;Decrescente;Céu Claro;Simples;Reta;Não;3;0;0;1;1;1;1;3;-23,1042612;-44,70798103;SPRF-RJ;DEL03-RJ;UOP04-DEL03-RJ
746135;24/12/2025;quarta-feira;15:24:00;RJ;101;446;ANGRA DOS REIS;Reação tardia ou ineficiente do condutor;Queda de ocupante de veículo;Com Vítimas Feridas;Pleno dia;Decrescente;Céu Claro;Simples;Reta;Não;1;0;1;0;0;0;1;1;-23,0310831;-44,1746521;SPRF-RJ;DEL03-RJ;UOP02-DEL03-RJ
746144;10/11/2025;segunda-feira;07:50:00;PR;116;18;CURITIBA;Ausência de reação do condutor;Colisão lateral mesmo sentido;Com Vítimas Feridas;Pleno dia;Crescente;Nublado;Dupla;Reta;Não;2;0;1;0;1;0;1;2;-25,388852;-49,199898;SPRF-PR;DEL01-PR;UOP02-DEL01-PR
746159;27/12/2025;sábado;11:40:00;RJ;101;489;ANGRA DOS REIS;Acessar a via sem observar a presença dos outros veículos;Colisão frontal;Com Vítimas Feridas;Pleno dia;Crescente;Céu Claro;Simples;Reta;Sim;2;0;0;1;1;0;1;2;-22,9569809;-44,3000588;SPRF-RJ;DEL03-RJ;UOP03-DEL03-RJ
746214;05/12/2025;sexta-feira;18:15:00;BA;116;336;TEOFILANDIA;Conversão proibida;Colisão transversal;Com Vítimas Feridas;Anoitecer;Crescente;Nublado;Simples;Reta;Sim;2;0;0;1;1;0;1;2;-11,47911;-38,99505;SPRF-BA;DEL02-BA;UOP01-DEL02-BA
746284;08/12/2025;segunda-feira;14:00:00;RS;392;67;PELOTAS;Manobra de mudança de faixa;Colisão lateral mesmo sentido;Com Vítimas Feridas;Pleno dia;Crescente;Vento;Dupla;Viaduto;Sim;2;0;1;0;1;0;1;2;-31,75599272;-52,39998293;SPRF-RS;DEL07-RS;UOP01-DEL07-RS
746409;10/09/2025;quarta-feira;01:30:00;RO;319;144;PORTO VELHO;Acessar a via sem observar a presença dos outros veículos;Colisão transversal;Sem Vítimas;Plena Noite;Decrescente;Chuva;Dupla;"Interseção de Vias;Reta";Sim;2;0;0;0;0;2;0;2;-8,8002905;-63,7617861;SPRF-RO;DEL01-RO;UOP01-DEL01-RO
746429;05/12/2025;sexta-feira;14:00:00;PR;376;624;SAO JOSE DOS PINHAIS;Ausência de reação do condutor;Colisão traseira;Com Vítimas Feridas;Pleno dia;Crescente;Céu Claro;Dupla;Reta;Não;2;0;2;0;0;0;2;2;-25,56570482;-49,18292709;SPRF-PR;DEL01-PR;UOP04-DEL01-PR
746495;28/11/2025;sexta-feira;16:19:00;ES;101;145,5;LINHARES;Condutor deixou de manter distância do veículo da frente;Colisão traseira;Com Vítimas Feridas;Pleno dia;Decrescente;Céu Claro;Múltipla;Reta;Sim;2;0;1;0;1;0;1;2;-19,3664476;-40,0651644;SPRF-ES;DEL04-ES;UOP01-DEL04-ES
746497;01/12/2025;segunda-feira;07:50:00;SP;116;230,5;SAO PAULO;Ausência de reação do condutor;Queda de ocupante de veículo;Com Vítimas Feridas;Pleno dia;Crescente;Céu Claro;Múltipla;Reta;Sim;2;0;1;0;1;0;1;2;-23,5177729;-46,58112002;SPRF-SP;DEL01-SP;UOP01-DEL01-SP
746504;26/12/2025;sexta-feira;20:23:00;ES;101;15,2;PEDRO CANARIO;Desrespeitar a preferência no cruzamento;Colisão transversal;Com Vítimas Feridas;Pleno dia;Decrescente;Céu Claro;Simples;"Interseção de Vias;Reta";Não;4;0;1;1;2;0;2;2;-18,29541929;-39,9568646;SPRF-ES;DEL04-ES;UOP02-DEL04-ES
746520;18/11/2025;terça-feira;12:00:00;BA;324;516;FEIRA DE SANTANA;Acessar a via sem observar a presença dos outros veículos;Colisão transversal;Com Vítimas Feridas;Pleno dia;Crescente;Ignorado;Simples;Reta;Sim;2;0;1;0;0;1;1;2;-12,24251078;-38,93875122;SPRF-BA;DEL02-BA;UOP01-DEL02-BA
746541;05/12/2025;sexta-feira;23:10:00;BA;110;28,3;PAULO AFONSO;Ultrapassagem Indevida;Colisão frontal;Com Vítimas Fatais;Plena Noite;Crescente;Céu Claro;Simples;Reta;Não;4;2;0;2;0;0;2;2;-9,6651217;-38,225261;SPRF-BA;DEL07-BA;UOP01-DEL07-BA
746645;28/11/2025;sexta-feira;18:00:00;PE;424;64;CAETES;Acessar a via sem observar a presença dos outros veículos;Colisão transversal;Com Vítimas Feridas;Pleno dia;Crescente;Céu Claro;Simples;Reta;Sim;2;0;0;1;0;1;1;2;-8,75683063;-36,66103363;SPRF-PE;DEL03-PE;UOP01-DEL03-PE
746681;14/11/2025;sexta-feira;17:50:00;GO;60;109;GOIANAPOLIS;Condutor deixou de manter distância do veículo da frente;Colisão lateral mesmo sentido;Com Vítimas Feridas;Anoitecer;Crescente;Ignorado;Dupla;Retorno Regulamentado;Não;2;0;1;0;1;0;1;2;-16,4478107;-49,0232223;SPRF-GO;DEL01-GO;UOP01-DEL01-GO
746694;20/10/2025;segunda-feira;18:50:00;MG;116;701,8;MURIAE;Acessar a via sem observar a presença dos outros veículos;Colisão transversal;Com Vítimas Feridas;Plena Noite;Decrescente;Céu Claro;Simples;Reta;Não;3;0;1;1;0;1;2;3;-21,1216216;-42,38016341;SPRF-MG;DEL07-MG;UOP02-DEL07-MG
746701;25/10/2025;sábado;16:00:00;MG;116;411;GOVERNADOR VALADARES;Manobra de mudança de faixa;Colisão lateral mesmo sentido;Com Vítimas Feridas;Pleno dia;Crescente;Ignorado;Dupla;"Reta;Aclive";Sim;3;0;1;1;1;0;2;2;-18,87417591;-41,96623418;SPRF-MG;DEL06-MG;UOP01-DEL06-MG
746702;19/10/2025;domingo;16:35:00;SC;101;153;PORTO BELO;Trafegar com motocicleta (ou similar) entre as faixas;Colisão lateral mesmo sentido;Com Vítimas Feridas;Pleno dia;Decrescente;Céu Claro;Dupla;Reta;Não;5;0;1;2;2;0;3;4;-27,14183791;-48,61017426;SPRF-SC;DEL04-SC;UOP03-DEL04-SC
746708;19/11/2025;quarta-feira;07:50:00;SC;101;148;ITAPEMA;Acessar a via sem observar a presença dos outros veículos;Colisão transversal;Com Vítimas Feridas;Pleno dia;Crescente;Céu Claro;Dupla;"Interseção de Vias;Reta";Sim;2;0;1;0;1;0;1;2;-27,1042584;-48,6166929;SPRF-SC;DEL04-SC;UOP03-DEL04-SC
746720;08/08/2025;sexta-feira;09:55:00;PI;343;0,5;TERESINA;Reação tardia ou ineficiente do condutor;Colisão traseira;Com Vítimas Feridas;Pleno dia;Crescente;Céu Claro;Múltipla;Reta;Sim;2;0;1;0;1;0;1;2;-5,07879439;-42,75217652;SPRF-PI;DEL01-PI;UOP01-DEL01-PI
746721;16/05/2025;sexta-feira;09:00:00;GO;153;506,4;APARECIDA DE GOIANIA;Frear bruscamente;Colisão traseira;Com Vítimas Feridas;Pleno dia;Crescente;Céu Claro;Dupla;Reta;Não;3;0;1;0;2;0;1;2;-16,758616;-49,240351;SPRF-GO;DEL01-GO;UOP01-DEL01-GO
746734;31/07/2025;quinta-feira;18:04:00;PI;343;2,2;TERESINA;Transitar no Acostamento;Colisão lateral mesmo sentido;Com Vítimas Feridas;Plena Noite;Decrescente;Céu Claro;Dupla;Reta;Sim;2;0;1;0;1;0;1;2;-5,08147586;-42,77083755;SPRF-PI;DEL01-PI;UOP01-DEL01-PI
746818;19/02/2025;quarta-feira;17:00:00;PI;343;3;TERESINA;Manobra de mudança de faixa;Colisão lateral mesmo sentido;Com Vítimas Feridas;Anoitecer;Decrescente;Nublado;Múltipla;Rotatória;Sim;2;0;1;0;1;0;1;2;-5,080906;-42,775267;SPRF-PI;DEL01-PI;UOP01-DEL01-PI